<Page xmlns="http://schemas.nativescript.org/tns.xsd" navigatingTo="onNavigatingTo">

	<DockLayout>
		<ScrollView dock="bottom">
			<Repeater id="productsList">
				<Repeater.itemTemplate>
					<DockLayout>
						<Image dock="top" src="{{ imgSrc }}" stretch="aspectFit"/>
						<StackLayout dock="bottom">
							<Label text="{{ itemname || 'Downloading...' }}"/>
							<Label text="{{ category1 || 'Downloading...' }}" />
							<Label text="{{ ' $ ' + price || 'Downloading...' }}" />
						</StackLayout>
					</DockLayout>
				</Repeater.itemTemplate>
			</Repeater>
		</ScrollView>
	</DockLayout>
</Page>